<?xml version="1.0" encoding="UTF-8"?>

<!--
  ~ JBoss, Home of Professional Open Source.
  ~ Copyright 2011, Red Hat, Inc., and individual contributors
  ~ as indicated by the @author tags. See the copyright.txt file in the
  ~ distribution for a full listing of individual contributors.
  ~
  ~ This is free software; you can redistribute it and/or modify it
  ~ under the terms of the GNU Lesser General Public License as
  ~ published by the Free Software Foundation; either version 2.1 of
  ~ the License, or (at your option) any later version.
  ~
  ~ This software is distributed in the hope that it will be useful,
  ~ but WITHOUT ANY WARRANTY; without even the implied warranty of
  ~ MERCHANTABILITY or FITNESS FOR A PARTICULAR PURPOSE. See the GNU
  ~ Lesser General Public License for more details.
  ~
  ~ You should have received a copy of the GNU Lesser General Public
  ~ License along with this software; if not, write to the Free
  ~ Software Foundation, Inc., 51 Franklin St, Fifth Floor, Boston, MA
  ~ 02110-1301 USA, or see the FSF site: http://www.fsf.org.
  -->

<module xmlns="urn:jboss:module:1.1" name="net.sourceforge.jasperreports">
    
    <resources>
        <resource-root path="jasperreports-3.0.0.jar"/>
        <resource-root path="commons-javaflow-20060411.jar"/>
        <resource-root path="jcommon-1.0.0.jar"/>
        <resource-root path="jfreechart-1.0.0.jar"/>
		<resource-root path="jasper-compiler-jdt-5.5.15.jar"/>
		<resource-root path="itext-2.1.7.jar"/>
    </resources>
	
	<dependencies>
        <module name="javax.api"/>
		<module name="org.apache.commons.beanutils"/>
        <module name="org.apache.commons.collections"/>
        <module name="org.apache.commons.digester"/>
        <module name="org.apache.commons.logging"/>
    </dependencies>
    
</module>