<?xml version="1.0" encoding="UTF-8"?>
<module xmlns="urn:jboss:module:1.1" name="pge">
  <resources>
    <resource-root path="PGEClient-1.6.jar"/>
    <resource-root path="opensaml-2.3.1.jar"/>
    <resource-root path="openws-1.3.0.jar"/>
    <resource-root path="xmltooling-1.2.1.jar"/>
    <resource-root path="bcprov-jdk15-1.43.jar"/>
  </resources>

  <dependencies>
    <module name="javax.api"/>
    <module name="org.apache.httpcomponents"/>
    <module name="org.apache.log4j"/>
    <module name="org.joda.time"/>
    <module name="org.slf4j"/>
    <module name="org.apache.santuario.xmlsec"/>
    <module name="org.apache.velocity"/>
    <module name="org.jboss.ws.common"/>
    <module name="org.jboss.ws.api"/>
    <module name="org.jboss.ws.native.jbossws-native-core"/>
    <module name="javax.xml.ws.api"/>
  </dependencies>
</module>


