<module xmlns="urn:jboss:module:1.1" name="cda">
 
    <properties>
        <property name="jboss.api" value="private"/>
    </properties>

    <resources>
            <resource-root path="CDAServiceProvider.jar" />
            <resource-root path="annotations-api-6.0.16.jar"/>
            <resource-root path="bcprov-jdk15-1.45.jar"/>
            <resource-root path="tomcat-juli-5.5.23.jar"/>
            <resource-root path="commons-codec-1.3.jar"/>
            <resource-root path="commons-collections-3.1.jar"/>
            <resource-root path="commons-httpclient-3.0.jar"/>
            <resource-root path="commons-lang-2.1.jar"/>
            <resource-root path="jcip-annotations-1.0.jar"/>
            <resource-root path="jcl-over-slf4j-1.6.1.jar"/>
            <resource-root path="joda-time-1.6.2.jar"/>
            <resource-root path="jul-to-slf4j-1.6.1.jar"/>
            <resource-root path="juli-6.0.16.jar"/>
            <resource-root path="junit-3.8.1.jar"/>
            <resource-root path="log4j-over-slf4j-1.6.1.jar"/>
            <resource-root path="not-yet-commons-ssl-0.3.9.jar"/>
            <resource-root path="opensaml-2.4.1.jar"/>
            <resource-root path="openws-1.4.1.jar"/>
            <resource-root path="serializer-2.7.1.jar"/>
            <resource-root path="slf4j-api-1.6.1.jar"/>
            <!-- resource-root path="unboundid-ldapsdk-3.0.0.jar"/ -->
            <resource-root path="velocity-1.5.jar"/>
            <resource-root path="xalan-2.7.1.jar"/>
            <resource-root path="xml-apis-1.3.04.jar"/>
            <resource-root path="xml-resolver-1.2.jar"/>
            <resource-root path="xmlsec-1.4.4.jar"/>
            <resource-root path="xmltooling-1.3.1.jar"/>
    </resources>
 
    <dependencies>
        <module name="org.apache.xerces"/>
        <module name="org.jboss.as.web"/>
        <module name="javax.servlet.api" />
        <module name="javax.api" />
        <module name="javax.xml.bind.api"/>
    </dependencies>
 
</module>